{"sections":{"7b86eb9a-ff2c-4aaa-a75d-ffc35869ff8d":{"type":"featured-products","settings":{}},"701360f0-08b7-4f98-978d-4db2abfdfa8d":{"type":"sales-tag","settings":{}},"4a142e5c-7b38-4d61-952e-94d4391a304e":{"type":"new_arrivals","settings":{}},"515499c5-f2fd-44e5-854c-9053007b929b":{"type":"stock-level","settings":{}},"eeda1221-75be-4062-ace1-f66ce02d853a":{"type":"filter_for_upper_case","settings":{}}},"order":["7b86eb9a-ff2c-4aaa-a75d-ffc35869ff8d","701360f0-08b7-4f98-978d-4db2abfdfa8d","4a142e5c-7b38-4d61-952e-94d4391a304e","515499c5-f2fd-44e5-854c-9053007b929b","eeda1221-75be-4062-ace1-f66ce02d853a"]}